District,School,Tested,% Tested,Total,Reading/Writing,Math
Alamance-Burlington Schools,Alamance-Burlington Middle/Ear,<10,*,*,*,*
Alamance-Burlington Schools,Eastern Alamance High,124,47.3,1076,538,538
Alamance-Burlington Schools,Graham High,104,64.6,928,463,465
Alamance-Burlington Schools,Hugh M Cummings High,59,30.9,972,481,491
Alamance-Burlington Schools,Southern High,156,46.4,1068,543,525
Alamance-Burlington Schools,Walter M Williams High,142,55.7,1038,526,512
Alamance-Burlington Schools,Western Alamance High,163,53.4,1118,565,554
Alamance-Burlington Schools,District Average,757,49.2,1049,528,521
Alexander County Schools,Alexander Central High,99,28.9,1114,562,552
Alexander County Schools,District Average,99,28.9,1114,562,552
Alleghany County Schools,Alleghany High,20,23.5,1147,563,584
Alleghany County Schools,District Average,20,23.5,1147,563,584
Anson County Schools,Anson Academy,<10,*,*,*,*
Anson County Schools,Anson Co. Early College High,50,67.6,1001,518,483
Anson County Schools,Anson High School,90,58.4,935,474,461
Anson County Schools,District Average,141,57.8,957,489,468
Ashe County Schools,Ashe County High,83,42.6,1085,544,541
Ashe County Schools,District Average,83,42.6,1085,544,541
Asheboro City Schools,Asheboro High,172,55.3,1014,515,499
Asheboro City Schools,District Average,172,55.3,1014,515,499
Asheville City Schools,Asheville High,150,68.8,1148,589,559
Asheville City Schools,School Of Inquiry And Life Sci,70,74.5,1116,576,539
Asheville City Schools,District Average,220,70.5,1138,585,553
Avery County Schools,Avery County High,12,18.2,1070,535,535
Avery County Schools,Avery High Stem Academy,<10,*,*,*,*
Avery County Schools,District Average,20,14.2,1052,528,523
Beaufort County Schools,Beaufort Co Early College High,15,17.6,1135,589,545
Beaufort County Schools,Northside High,31,33,1038,519,519
Beaufort County Schools,Southside High,51,45.1,990,485,505
Beaufort County Schools,Washington High,88,42.9,1025,525,500
Beaufort County Schools,District Average,185,36.8,1026,518,508
Bertie County Schools,Bertie Early College High,27,54,997,525,472
Bertie County Schools,Bertie High,47,38.2,860,437,423
Bertie County Schools,District Average,74,42.8,910,469,441
Bladen County Schools,East Bladen High,40,27.2,986,503,483
Bladen County Schools,West Bladen High,64,33.5,929,478,451
Bladen County Schools,District Average,104,30.8,951,488,463
Brunswick County Schools,Brunswick County Early College,17,16.2,1233,626,607
Brunswick County Schools,North Brunswick High,85,35.3,1034,526,508
Brunswick County Schools,South Brunswick High,82,31.4,1095,555,540
Brunswick County Schools,West Brunswick High,137,42.9,1083,544,539
Brunswick County Schools,District Average,321,33.9,1081,546,535
Buncombe County Schools,Community High School,<10,*,*,*,*
Buncombe County Schools,Early College,28,28,1204,612,592
Buncombe County Schools,Enka High,89,42,1084,548,535
Buncombe County Schools,Erwin High,77,30.3,1027,518,510
Buncombe County Schools,Middle College,<10,*,*,*,*
Buncombe County Schools,Nesbitt Discovery Academy,59,63.4,1192,593,598
Buncombe County Schools,North Buncombe High,94,41.4,1106,560,545
Buncombe County Schools,Owen High,80,55.2,1084,548,536
Buncombe County Schools,Reynolds High,140,54.1,1141,574,568
Buncombe County Schools,Roberson High,179,50,1160,583,577
Buncombe County Schools,District Average,752,44,1122,566,557
Burke County Schools,Burke Middle College,<10,*,*,*,*
Burke County Schools,East Burke High,33,14.7,1082,550,532
Burke County Schools,Freedom High,49,18.6,1124,556,567
Burke County Schools,Jimmy C Draughn High School,15,10.3,1111,537,575
Burke County Schools,Robert L. Patton High School,39,18.7,1104,543,561
Burke County Schools,District Average,143,15,1106,549,557
Cabarrus County Schools,Cabarrus-Kannapolis Early Coll,38,73.1,1117,563,554
Cabarrus County Schools,Central Cabarrus High,193,53,1081,550,531
Cabarrus County Schools,Concord High,128,46.4,1114,566,548
Cabarrus County Schools,Cox Mill High School,283,74.3,1130,568,562
Cabarrus County Schools,Hickory Ridge High,249,60.1,1127,565,562
Cabarrus County Schools,Jay M Robinson High,161,54.8,1085,539,546
Cabarrus County Schools,Mount Pleasant High,99,48.1,1095,549,546
Cabarrus County Schools,Northwest Cabarrus High,143,51.6,1091,543,548
Cabarrus County Schools,Performance Learning Center,<10,*,*,*,*
Cabarrus County Schools,District Average,1301,56.3,1107,557,551
Caldwell County Schools,Caldwell Career Cen Mid. Coll.,12,21.8,1079,547,533
Caldwell County Schools,Caldwell Early College,49,36.3,1146,589,557
Caldwell County Schools,Hibriten High,52,28.7,1024,518,505
Caldwell County Schools,South Caldwell High,135,38.1,1083,549,535
Caldwell County Schools,West Caldwell High,51,27.9,1015,517,498
Caldwell County Schools,District Average,299,32.9,1071,545,527
Camden County Schools,Camden County High,46,42.6,1068,547,522
Camden County Schools,Camden Early College High,<10,*,*,*,*
Camden County Schools,Camtech High School,<10,*,*,*,*
Camden County Schools,District Average,54,39.1,1065,545,521
Carteret County Public Schools,Croatan High,92,46.9,1196,602,594
Carteret County Public Schools,East Carteret High,35,29.4,1132,578,554
Carteret County Public Schools,West Carteret High,84,30.8,1169,584,586
Carteret County Public Schools,District Average,211,35.8,1175,591,584
Caswell County Schools,Bartlett Yancey High,95,53.7,990,508,482
Caswell County Schools,District Average,95,53.7,990,508,482
Catawba County Schools,Bandys High,81,40.9,1101,549,552
Catawba County Schools,Bunker Hill High,68,37.4,1049,530,519
Catawba County Schools,Challenger Early College High,10,11.9,1177,575,602
Catawba County Schools,Fred T Foard High,101,45.3,1102,547,556
Catawba County Schools,Maiden High,81,37.7,1094,540,554
Catawba County Schools,Saint Stephens High,139,45.7,1104,555,549
Catawba County Schools,District Average,480,39.7,1095,547,549
Chapel Hill-Carrboro City Schools,Carrboro High,100,54.6,1228,618,610
Chapel Hill-Carrboro City Schools,Chapel Hill High,236,73.3,1243,624,619
Chapel Hill-Carrboro City Schools,East Chapel Hill High,245,73.6,1290,641,649
Chapel Hill-Carrboro City Schools,Phoenix Academy High,<10,*,*,*,*
Chapel Hill-Carrboro City Schools,District Average,582,68.5,1260,630,630
Charlotte-Mecklenburg Schools,Ardrey Kell High,551,79.7,1235,612,623
Charlotte-Mecklenburg Schools,Butler High,252,52.5,1099,548,551
Charlotte-Mecklenburg Schools,Cato Middle College High,73,49,1138,583,555
Charlotte-Mecklenburg Schools,Charlotte Engineering Early Co,17,22.7,1276,625,652
Charlotte-Mecklenburg Schools,Cochrane Collegiate Academy,13,46.4,1017,505,512
Charlotte-Mecklenburg Schools,East Mecklenburg High,189,49.1,1096,547,549
Charlotte-Mecklenburg Schools,Elearning Academy,14,22.6,1121,573,549
Charlotte-Mecklenburg Schools,Garinger High,160,49.7,881,446,435
Charlotte-Mecklenburg Schools,Harding University High,93,32.2,938,475,464
Charlotte-Mecklenburg Schools,Harper Middle College High,36,32.4,1140,572,568
Charlotte-Mecklenburg Schools,Hawthorne High,22,91.7,985,510,475
Charlotte-Mecklenburg Schools,Hopewell High,139,41.4,1031,522,509
Charlotte-Mecklenburg Schools,Independence High,201,39.9,1096,551,546
Charlotte-Mecklenburg Schools,Levine Middle College High,49,32.9,1218,612,607
Charlotte-Mecklenburg Schools,Mallard Creek High,326,48.7,1034,523,511
Charlotte-Mecklenburg Schools,Merancas Middle College High,<10,*,*,*,*
Charlotte-Mecklenburg Schools,Military And Global Leadership,<10,*,*,*,*
Charlotte-Mecklenburg Schools,Myers Park High,421,61.2,1202,603,599
Charlotte-Mecklenburg Schools,North Mecklenburg High,223,50,1038,526,512
Charlotte-Mecklenburg Schools,Northwest School Of The Arts,82,66.7,1108,576,532
Charlotte-Mecklenburg Schools,Olympic High - Biotech Health,54,37,1031,525,506
Charlotte-Mecklenburg Schools,Olympic High - Renaissance Sch,54,37,992,502,490
Charlotte-Mecklenburg Schools,Olympic High-Leadership And De,34,41,941,474,466
Charlotte-Mecklenburg Schools,Olympic High-Math Eng Tech Sci,77,58.3,1128,558,570
Charlotte-Mecklenburg Schools,Olympic Team High School,24,25,938,478,459
Charlotte-Mecklenburg Schools,Performance Learning Center,10,45.5,994,538,456
Charlotte-Mecklenburg Schools,Phillip O Berry Academy Of Tec,252,66.7,1026,514,512
Charlotte-Mecklenburg Schools,Providence High,353,69.6,1255,625,630
Charlotte-Mecklenburg Schools,Rocky River High,165,47.7,955,487,468
Charlotte-Mecklenburg Schools,South Mecklenburg High,395,59.1,1132,570,563
Charlotte-Mecklenburg Schools,Vance High,145,40.4,940,478,462
Charlotte-Mecklenburg Schools,West Charlotte High,145,46,885,448,437
Charlotte-Mecklenburg Schools,West Mecklenburg High,184,48.4,909,462,447
Charlotte-Mecklenburg Schools,William Amos Hough High,424,66.9,1188,596,592
Charlotte-Mecklenburg Schools,District Average,5184,52.6,1097,551,546
Chatham County Schools,Chatham Central High,61,64.9,1032,519,513
Chatham County Schools,Jordan Matthews High,82,46.9,996,503,493
Chatham County Schools,Northwood High,199,63.6,1108,564,544
Chatham County Schools,District Average,342,58.6,1068,541,526
Cherokee County Schools,Andrews High,<10,*,*,*,*
Cherokee County Schools,Hiwassee Dam High,<10,*,*,*,*
Cherokee County Schools,Murphy High,37,34.9,1065,541,524
Cherokee County Schools,Tri-County Early College High,<10,*,*,*,*
Cherokee County Schools,District Average,45,17.9,1063,539,524
Clay County Schools,Hayesville High,34,36.2,1100,559,541
Clay County Schools,District Average,34,36.2,1100,559,541
Cleveland County Schools,Burns High,118,54.4,1027,531,496
Cleveland County Schools,Cleveland Echs,24,49,1026,516,510
Cleveland County Schools,Crest High,81,32.8,1115,559,555
Cleveland County Schools,Kings Mountain High,80,30.4,1097,542,555
Cleveland County Schools,Shelby High,130,61.9,1067,540,527
Cleveland County Schools,District Average,433,42,1068,540,528
Clinton City Schools,Clinton High,98,55.7,1030,518,511
Clinton City Schools,District Average,98,55.7,1030,518,511
Columbus County Schools,Ccca - Fair Bluff /southeaster,29,31.5,1061,559,501
Columbus County Schools,East Columbus High,47,48,970,495,474
Columbus County Schools,South Columbus High,82,56.2,1001,508,493
Columbus County Schools,West Columbus High,40,40.4,944,469,475
Columbus County Schools,District Average,198,45.5,991,505,486
Craven County Schools,Craven Early College High,<10,*,*,*,*
Craven County Schools,Early College East High,<10,*,*,*,*
Craven County Schools,Havelock High,66,28.2,1085,548,537
Craven County Schools,New Bern High,125,35.6,1068,540,529
Craven County Schools,West Craven High,54,28.7,1056,529,527
Craven County Schools,District Average,255,28.1,1072,540,532
Cumberland County Schools,Cape Fear High,100,31.1,1070,545,525
Cumberland County Schools,Cross Creek Early College,<10,*,*,*,*
Cumberland County Schools,Cumberland International Early,43,74.1,1074,549,525
Cumberland County Schools,Cumberland Polytechnic,17,60.7,1039,522,517
Cumberland County Schools,Douglas Byrd High,88,46.6,944,483,461
Cumberland County Schools,E E Smith High,106,46.7,942,487,455
Cumberland County Schools,Grays Creek High,96,31.5,1060,539,521
Cumberland County Schools,Jack Britt High,191,43.2,1116,557,559
Cumberland County Schools,Massey Hill Classical High,34,47.9,1083,566,516
Cumberland County Schools,Pine Forest High,130,39,1022,523,499
Cumberland County Schools,Reid Ross Classical High,40,62.5,966,493,473
Cumberland County Schools,Seventy-First High,148,42.9,953,491,462
Cumberland County Schools,South View High,146,42.1,1008,511,498
Cumberland County Schools,Terry Sanford High,163,57.4,1079,555,524
Cumberland County Schools,Westover High,75,31.4,914,469,445
Cumberland County Schools,District Average,1385,41.4,1024,523,502
Currituck County Schools,Currituck County High,80,36.9,1084,550,534
Currituck County Schools,The Jp Knapp Ech (i)school,42,42.4,1110,560,550
Currituck County Schools,District Average,122,38.6,1093,553,540
Dare County Schools,Cape Hatteras Secondary School,30,78.9,1115,577,538
Dare County Schools,Dare County Alternative School,<10,*,*,*,*
Dare County Schools,First Flight High School,120,74.1,1149,576,573
Dare County Schools,Manteo High School,75,71.4,1098,545,553
Dare County Schools,District Average,226,73.6,1126,565,561
Davidson County Schools,Central Davidson High,63,33.9,1064,537,527
Davidson County Schools,Davidson County High School,<10,*,*,*,*
Davidson County Schools,Davidson Early College,<10,*,*,*,*
Davidson County Schools,East Davidson High,62,33.2,1093,546,546
Davidson County Schools,Ledford Senior High,112,40,1111,563,547
Davidson County Schools,North Davidson High,187,53.3,1088,544,544
Davidson County Schools,South Davidson High,37,43,1042,514,528
Davidson County Schools,West Davidson High,63,34.6,1081,545,537
Davidson County Schools,Yadkin Valley Regional Career,12,24,1034,533,502
Davidson County Schools,District Average,541,38.9,1085,545,540
Davie County Schools,Davie County Early College High,29,78.4,1174,589,585
Davie County Schools,Davie County High,161,41.9,1120,570,550
Davie County Schools,District Average,190,45,1128,573,555
Duplin County Schools,Duplin Early College High,11,19.6,1085,564,521
Duplin County Schools,East Duplin High,43,21.1,985,510,475
Duplin County Schools,James Kenan High,33,25.2,940,478,462
Duplin County Schools,North Duplin Jr Sr High,46,52.9,964,483,481
Duplin County Schools,Wallace-Rose Hill High,70,46.1,949,482,467
Duplin County Schools,District Average,203,32.2,966,492,474
Durham Public Schools,C E Jordan High,201,49.5,1102,560,541
Durham Public Schools,City Of Medicine Academy,48,64.9,1038,527,511
Durham Public Schools,Durham School Of The Arts,140,58.6,1148,582,566
Durham Public Schools,Durham's Performance Learning,<10,*,*,*,*
Durham Public Schools,Hillside High,160,53.5,942,481,462
Durham Public Schools,Hillside New Tech High,37,61.7,952,489,463
Durham Public Schools,J D Clement Early College Hs,63,86.3,1091,548,544
Durham Public Schools,Lakeview School,<10,*,*,*,*
Durham Public Schools,Middle College Hs @ Dtcc,27,31.8,1098,559,539
Durham Public Schools,Northern High,144,51.1,994,510,485
Durham Public Schools,Riverside High,136,37,1062,533,529
Durham Public Schools,Southern School Of Energy And,169,50,903,461,442
Durham Public Schools,The School For Creative Studie,10,18.5,1090,564,526
Durham Public Schools,District Average,1144,49.8,1028,522,505
Edenton-Chowan Schools,John A Holmes High,67,48.2,964,493,471
Edenton-Chowan Schools,District Average,67,48.2,964,493,471
Edgecombe County Public Schools,Edgecombe Early College High,25,47.2,1128,566,562
Edgecombe County Public Schools,North Edgecombe High,23,51.1,880,449,431
Edgecombe County Public Schools,Southwest Edgecombe High,70,38.9,942,477,465
Edgecombe County Public Schools,Tarboro High,82,62.6,933,472,461
Edgecombe County Public Schools,District Average,200,48.9,954,483,472
Elizabeth City-Pasquotank Public Schools,Northeastern High,103,56.6,1009,511,498
Elizabeth City-Pasquotank Public Schools,Pasquotank County High,79,45.9,943,482,461
Elizabeth City-Pasquotank Public Schools,District Average,182,51,980,498,482
Elkin City Schools,Elkin High,21,22.8,1050,532,518
Elkin City Schools,District Average,21,22.8,1050,532,518
Franklin County Schools,Bunn High,64,35.4,1050,540,511
Franklin County Schools,Franklin County Early College,<10,*,*,*,*
Franklin County Schools,Franklinton High,72,32,1067,546,520
Franklin County Schools,Louisburg High,17,14.7,1039,526,513
Franklin County Schools,District Average,160,27.6,1064,545,518
Gaston County Schools,Ashbrook High,139,48.9,1018,512,506
Gaston County Schools,Bessemer City High,30,23.6,980,511,468
Gaston County Schools,Cherryville High,37,30.3,1058,536,523
Gaston County Schools,East Gaston High,88,43.1,1060,534,526
Gaston County Schools,Forestview High,121,49.2,1074,541,532
Gaston County Schools,Gaston Early College High Scho,19,21.8,1201,613,588
Gaston County Schools,Highland Sch Of Technology,123,89.8,1192,600,591
Gaston County Schools,Hunter Huss High,91,38.7,932,467,465
Gaston County Schools,North Gaston High,70,29.4,1023,522,501
Gaston County Schools,South Point High,170,65.9,1075,545,530
Gaston County Schools,Stuart W Cramer High,111,48.1,1088,551,537
Gaston County Schools,Warlick Academy,<10,*,*,*,*
Gaston County Schools,District Average,1001,45,1063,537,526
Gates County Schools,Gates County Senior High,48,45.7,1032,515,517
Gates County Schools,District Average,48,45.7,1032,515,517
Graham County Schools,Robbinsville High,22,27.8,1038,540,498
Graham County Schools,District Average,22,27.8,1038,540,498
Granville County Schools,Granville Central High,32,25.8,987,502,486
Granville County Schools,Granville Early College High,37,63.8,1122,564,559
Granville County Schools,Granville Magnet Sch,<10,*,*,*,*
Granville County Schools,J. F. Webb High,41,37.6,921,468,453
Granville County Schools,Jf Webb Hs Of Health And Life,35,53.8,1084,554,530
Granville County Schools,South Granville High,80,40.8,1021,525,496
Granville County Schools,District Average,226,40.9,1024,522,502
Greene County Schools,Greene Central High,79,42.5,936,483,453
Greene County Schools,Greene Early College High,13,31.7,1045,530,515
Greene County Schools,District Average,92,40.5,951,490,462
Guilford County Schools,Ben L. Smith High School,123,54.2,873,442,431
Guilford County Schools,Early College At Guilford,43,91.5,1442,715,727
Guilford County Schools,Eastern Guilford High,106,55.5,975,493,482
Guilford County Schools,Gc Middle College High,54,84.4,1059,543,516
Guilford County Schools,Grimsley High,242,62.2,1186,592,594
Guilford County Schools,Gtcc Middle College High,<10,*,*,*,*
Guilford County Schools,High Point Central High,150,48.9,1062,534,528
Guilford County Schools,James B Dudley High,194,66.4,905,457,448
Guilford County Schools,Lucy Ragsdale High,196,62,1064,537,527
Guilford County Schools,Middle College At Gtcc-Gso,14,31.1,1044,524,519
Guilford County Schools,Middle College Gtcc High Point,<10,*,*,*,*
Guilford County Schools,Middle College High @ Nc A&t,25,75.8,1011,501,510
Guilford County Schools,Middle College High At Bennett,<10,*,*,*,*
Guilford County Schools,Northeast Guilford High,107,48.9,966,487,480
Guilford County Schools,Northern Guilford High,242,70.6,1165,578,587
Guilford County Schools,Northwest Guilford High,347,75.9,1173,581,592
Guilford County Schools,Page High,286,60.9,1109,560,549
Guilford County Schools,Penn-Griffin Schools,31,91.2,1125,575,550
Guilford County Schools,Philip J Weaver Ed Center,56,100,1200,620,580
Guilford County Schools,Southeast Guilford High,188,60.5,1063,545,518
Guilford County Schools,Southern Guilford High,102,40.5,1030,512,517
Guilford County Schools,Southwest Guilford High,238,63.1,1084,549,535
Guilford County Schools,Stem Early College @ Nc A&t Su,37,74,1269,622,646
Guilford County Schools,T Wingate Andrews High,124,67.8,921,466,455
Guilford County Schools,The Academy At Smith,52,92.9,1059,534,526
Guilford County Schools,The Kearns Academy At Central,10,32.3,962,481,481
Guilford County Schools,Uncg Early/Middle College,42,85.7,1088,549,539
Guilford County Schools,Western Guilford High,147,49.7,1079,546,533
Guilford County Schools,District Average,3175,59.8,1079,542,536
Halifax County Schools,Northwest Halifax Collegiate A,36,37.5,874,439,435
Halifax County Schools,Southeast Halifax Collegiate P,42,57.5,837,432,405
Halifax County Schools,District Average,78,46.2,854,435,419
Harnett County Schools,Harnett Central High,72,20.1,1068,538,530
Harnett County Schools,Overhills High,151,43.4,1008,524,484
Harnett County Schools,Triton High,93,34.3,1043,530,513
Harnett County Schools,Western Harnett High,67,22,1037,529,508
Harnett County Schools,District Average,383,29.5,1033,529,504
Haywood County Schools,Haywood Early College,<10,*,*,*,*
Haywood County Schools,Pisgah High,77,34.8,1062,535,527
Haywood County Schools,Tuscola High,76,35.5,1124,565,559
Haywood County Schools,District Average,158,28.6,1093,550,542
Henderson County Schools,East Henderson High,51,27.6,1105,557,548
Henderson County Schools,Henderson County Early College,13,18.3,1168,599,568
Henderson County Schools,Hendersonville High,116,56.3,1117,569,548
Henderson County Schools,North Henderson High,46,20.9,1106,576,530
Henderson County Schools,West Henderson High,114,46.5,1143,579,563
Henderson County Schools,District Average,340,35.7,1124,573,551
Hertford County Schools,Cs Brown High,16,80,876,453,423
Hertford County Schools,Hertford Co Early College,27,79.4,1007,516,491
Hertford County Schools,Hertford County High,99,70.2,886,459,427
Hertford County Schools,District Average,142,72.8,908,469,439
Hickory City Schools,Hickory Career Arts Magnet Hig,<10,*,*,*,*
Hickory City Schools,Hickory High,138,57.7,1094,548,546
Hickory City Schools,District Average,147,54.2,1084,544,540
Hoke County Schools,Hoke County High,105,26.2,959,487,472
Hoke County Schools,Sandhoke Early College High,14,14.7,1121,572,549
Hoke County Schools,District Average,119,23.8,978,497,481
Hyde County Schools,Mattamuskeet Early College Hig,<10,*,*,*,*
Hyde County Schools,Ocracoke School,<10,*,*,*,*
Hyde County Schools,District Average,10,37,960,485,475
Iredell-Statesville Schools,Career Academy And Technical S,<10,*,*,*,*
Iredell-Statesville Schools,Collaborative College For Tech,15,20.5,1216,617,599
Iredell-Statesville Schools,Crossroads Arts Sciences Early,35,38.9,1100,571,529
Iredell-Statesville Schools,Lake Norman High,341,73,1160,585,575
Iredell-Statesville Schools,North Iredell High,80,31.3,1086,547,539
Iredell-Statesville Schools,South Iredell High,234,59.2,1158,580,578
Iredell-Statesville Schools,Statesville High,80,38.6,989,509,480
Iredell-Statesville Schools,West Iredell High,20,11,1011,505,507
Iredell-Statesville Schools,District Average,809,46.9,1130,570,560
Jackson County Schools,Jackson Co Early College,<10,*,*,*,*
Jackson County Schools,Smoky Mountain High,48,24.2,1162,581,581
Jackson County Schools,District Average,52,16.5,1158,580,577
Johnston County Schools,Clayton High,173,42.9,1070,546,523
Johnston County Schools,Cleveland High,122,33.8,1109,558,551
Johnston County Schools,Corinth Holders High,197,46.5,1118,572,547
Johnston County Schools,Johnston Co Early College Acad,34,41,1194,609,585
Johnston County Schools,Johnston Co Middle College,25,58.1,1172,604,568
Johnston County Schools,North Johnston High,43,23.8,1034,532,502
Johnston County Schools,Princeton High,43,35.5,1058,549,509
Johnston County Schools,Smithfield-Selma High,103,38.3,1019,525,494
Johnston County Schools,South Johnston High,46,15.3,1042,522,520
Johnston County Schools,West Johnston High,83,27.9,1117,564,553
Johnston County Schools,District Average,869,34.9,1089,555,534
Jones County Schools,Jones Senior High,20,23.8,1059,530,529
Jones County Schools,District Average,20,23.8,1059,530,529
Kannapolis City Schools,A L Brown High,114,34.3,1035,523,511
Kannapolis City Schools,District Average,114,34.3,1035,523,511
Lee County Schools,Lee County High,105,34,1071,536,535
Lee County Schools,Lee Early College,<10,*,*,*,*
Lee County Schools,Southern Lee High School,86,34.8,1051,529,522
Lee County Schools,District Average,192,31.1,1063,533,529
Lenoir County Public Schools,Kinston High,83,50.9,898,465,433
Lenoir County Public Schools,Lenoir County Early College Hi,<10,*,*,*,*
Lenoir County Public Schools,North Lenoir High,61,32.1,1014,519,495
Lenoir County Public Schools,South Lenoir High,32,24.1,1074,543,531
Lenoir County Public Schools,District Average,185,32.6,976,501,475
Lexington City Schools,Lexington Senior High,124,66.3,945,478,467
Lexington City Schools,District Average,124,63.6,945,478,467
Lincoln County Schools,East Lincoln High,123,57.2,1104,558,546
Lincoln County Schools,Lincolnton High,71,32.7,1018,516,503
Lincoln County Schools,North Lincoln High,106,44,1163,577,586
Lincoln County Schools,West Lincoln High,55,27,1068,534,534
Lincoln County Schools,District Average,355,40.1,1099,552,547
Macon County Schools,Franklin High,70,35.7,1093,554,539
Macon County Schools,Highlands School,15,60,1091,545,546
Macon County Schools,Macon Early College High Schoo,21,37.5,1098,565,533
Macon County Schools,Nantahala School,<10,*,*,*,*
Macon County Schools,District Average,108,35.5,1095,555,540
Madison County Schools,Madison Early College High,<10,*,*,*,*
Madison County Schools,Madison High,37,27.6,1057,545,512
Madison County Schools,District Average,44,22.9,1074,551,523
Martin County Schools,Riverside High,70,52.6,1028,520,507
Martin County Schools,South Creek High,22,44.9,1006,499,507
Martin County Schools,District Average,92,50.5,1023,515,507
McDowell County Schools,Mcdowell Early College,29,41.4,1112,560,552
McDowell County Schools,Mcdowell High,142,35.9,1041,529,512
McDowell County Schools,District Average,172,35.8,1053,534,519
Mitchell County Schools,Mitchell High,71,55.5,1052,537,515
Mitchell County Schools,District Average,71,42.3,1052,537,515
Montgomery County Schools,East Montgomery High,76,55.1,985,493,492
Montgomery County Schools,West Montgomery High,18,14.6,1042,524,518
Montgomery County Schools,District Average,94,34.9,996,499,497
Moore County Schools,North Moore High,39,28.9,1044,527,517
Moore County Schools,Pinecrest High,247,50.6,1120,569,551
Moore County Schools,The Community Learning Center,<10,*,*,*,*
Moore County Schools,Union Pines High,70,25.4,1148,586,562
Moore County Schools,District Average,357,39.3,1117,568,550
Mooresville Graded School Dist,Mooresville High School,219,52,1116,561,555
Mooresville Graded School Dist,District Average,219,52,1116,561,555
Mount Airy City Schools,Mount Airy High,24,24.2,1133,562,571
Mount Airy City Schools,District Average,24,24.2,1133,562,571
Nash-Rocky Mount Schools,Nash Central High,116,54.7,1004,509,495
Nash-Rocky Mount Schools,Northern Nash High,123,46.9,976,502,473
Nash-Rocky Mount Schools,Nrm Early College High School,55,56.7,1096,554,542
Nash-Rocky Mount Schools,Rocky Mount High,149,59.1,1006,511,495
Nash-Rocky Mount Schools,Southern Nash High,62,23.8,1034,531,503
Nash-Rocky Mount Schools,District Average,505,46,1011,515,496
New Hanover County Schools,Career Readiness Academy At Mo,<10,*,*,*,*
New Hanover County Schools,Emsley A Laney High,224,40.7,1108,562,546
New Hanover County Schools,Eugene Ashley High,177,39.2,1117,559,558
New Hanover County Schools,Isaac M Bear Early College Hig,33,63.5,1208,604,604
New Hanover County Schools,John T Hoggard High,303,69.7,1181,586,595
New Hanover County Schools,New Hanover High,178,51,1101,556,545
New Hanover County Schools,Wilmington Early College High,37,51.4,1096,560,536
New Hanover County Schools,District Average,955,49.4,1134,569,565
Newton Conover City Schools,Discovery High School,44,80,1156,590,566
Newton Conover City Schools,Newton-Conover High,58,36,1054,531,523
Newton Conover City Schools,District Average,102,42.3,1098,556,542
Northampton County Schools,Northampton County High School,28,26.7,931,467,464
Northampton County Schools,District Average,28,24.8,931,467,464
Onslow County Schools,Dixon High,60,29.9,1077,545,532
Onslow County Schools,Jacksonville High,119,44.1,1076,550,526
Onslow County Schools,Northside High,61,21.9,993,508,486
Onslow County Schools,Richlands High,59,27.1,1053,527,526
Onslow County Schools,Southwest High,56,31.6,1025,515,510
Onslow County Schools,Swansboro High,56,23.2,1128,562,566
Onslow County Schools,White Oak High,111,47.4,1054,534,520
Onslow County Schools,District Average,522,32.2,1059,536,523
Orange County Schools,Cedar Ridge High,139,57.2,1159,588,571
Orange County Schools,Orange High,160,56.3,1136,577,560
Orange County Schools,District Average,299,56.1,1147,582,565
Pamlico County Schools,Pamlico County High,32,33.3,1079,538,541
Pamlico County Schools,District Average,32,33.3,1079,538,541
Pender County Schools,Heide Trask High,41,25.6,1029,522,507
Pender County Schools,Pender Early College High,23,33.8,1088,548,540
Pender County Schools,Pender High,42,32.1,986,502,484
Pender County Schools,Topsail High,144,44,1126,569,557
Pender County Schools,District Average,250,36.4,1083,548,535
Perquimans County Schools,Perquimans County High,30,27.5,1029,514,515
Perquimans County Schools,District Average,30,27.5,1029,514,515
Person County Schools,Person High,125,48.1,1024,522,502
Person County Schools,District Average,125,48.1,1024,522,502
Pitt County Schools,Ayden-Grifton High,57,39.6,994,504,490
Pitt County Schools,D H Conley High,178,46.7,1127,566,561
Pitt County Schools,Early College High School,<10,*,*,*,*
Pitt County Schools,Farmville Central High,54,36.7,969,495,474
Pitt County Schools,Junius H Rose High,140,45,1090,545,544
Pitt County Schools,North Pitt High,106,51.5,986,498,488
Pitt County Schools,South Central High,165,45.3,1039,526,513
Pitt County Schools,District Average,701,45,1054,532,523
Polk County Schools,Polk County Early College,<10,*,*,*,*
Polk County Schools,Polk County High School,34,22.2,1149,580,569
Polk County Schools,District Average,36,22.1,1157,586,571
Public Schools Of Robeson County,Fairmont High,61,37,910,456,454
Public Schools Of Robeson County,Lumberton Senior High,150,37.4,983,506,477
Public Schools Of Robeson County,Psrc Early College At Rcc,<10,*,*,*,*
Public Schools Of Robeson County,Purnell Swett High,87,22,917,460,457
Public Schools Of Robeson County,Red Springs High,60,34.3,925,475,450
Public Schools Of Robeson County,Saint Pauls High,15,7.5,970,497,473
Public Schools Of Robeson County,South Robeson High,35,31.8,888,454,434
Public Schools Of Robeson County,District Average,412,27.4,943,480,463
Randolph County Schools,Eastern Randolph High,86,49.1,947,484,463
Randolph County Schools,Providence Grove High,68,40.5,1079,541,538
Randolph County Schools,Randleman High,22,10.3,1065,543,522
Randolph County Schools,Randolph Early College High,30,32.6,1134,570,563
Randolph County Schools,Southwestern Randolph High,74,32.6,1029,519,510
Randolph County Schools,Trinity High,46,27.1,1029,524,505
Randolph County Schools,Wheatmore High,63,34.4,1048,527,521
Randolph County Schools,District Average,389,31.7,1033,522,510
Richmond County Schools,Richmond Early College High,<10,*,*,*,*
Richmond County Schools,Richmond Senior High,76,17.7,1013,516,497
Richmond County Schools,District Average,84,16.1,1027,523,505
Roanoke Rapids City Schools,Roanoke Rapids High School,41,19.8,1015,522,492
Roanoke Rapids City Schools,District Average,41,19.8,1015,522,492
Rockingham County Schools,Dalton Mcmichael High,113,54.1,1028,520,508
Rockingham County Schools,John M Morehead High,81,43.3,983,502,480
Rockingham County Schools,Reidsville High,83,52.5,959,485,474
Rockingham County Schools,Rockingham Co Early College Hi,14,14.3,1111,567,544
Rockingham County Schools,Rockingham County High,68,32.2,1104,560,544
Rockingham County Schools,District Average,359,41.6,1020,517,502
Rowan-Salisbury Schools,Carson High,115,38.2,1068,547,521
Rowan-Salisbury Schools,East Rowan High,73,35.1,1049,533,516
Rowan-Salisbury Schools,North Rowan High,58,49.6,932,475,456
Rowan-Salisbury Schools,Rowan Co Early College,30,58.8,1128,563,565
Rowan-Salisbury Schools,Salisbury High,77,44.8,1040,523,517
Rowan-Salisbury Schools,South Rowan High,75,34.6,1015,519,496
Rowan-Salisbury Schools,West Rowan High,103,42.4,1035,523,512
Rowan-Salisbury Schools,District Average,531,40.5,1036,526,510
Rutherford County Schools,Chase High School,71,46.7,1043,531,512
Rutherford County Schools,East Rutherford High School,81,55.1,1019,512,507
Rutherford County Schools,R-S Central High School,98,50.8,1044,528,515
Rutherford County Schools,Rutherford Early College High,12,32.4,1179,599,580
Rutherford County Schools,Rutherford Opportunity Center,<10,*,*,*,*
Rutherford County Schools,District Average,263,47.9,1042,527,514
Sampson County Schools,Hobbton High,41,29.1,1009,507,501
Sampson County Schools,Lakewood High,48,44.4,1002,512,490
Sampson County Schools,Midway High,39,24.1,1113,565,548
Sampson County Schools,Sampson Early College High,<10,*,*,*,*
Sampson County Schools,Union High,22,18.2,1020,513,507
Sampson County Schools,District Average,157,25.3,1035,523,511
Scotland County Schools,Scotland Early College High,17,31.5,1114,563,551
Scotland County Schools,Scotland High School,185,48.3,961,481,480
Scotland County Schools,Shaw Academy,<10,*,*,*,*
Scotland County Schools,District Average,203,45.8,972,487,485
Stanly County Schools,Albemarle High,35,43.8,939,480,459
Stanly County Schools,North Stanly High,57,41,1042,520,522
Stanly County Schools,South Stanly High,35,36.8,1127,563,565
Stanly County Schools,Stanly Academy Learning Center,<10,*,*,*,*
Stanly County Schools,Stanly Early College High,31,43.1,1085,549,536
Stanly County Schools,West Stanly High,59,40.4,1072,537,535
Stanly County Schools,District Average,218,40.7,1053,529,524
Stokes County Schools,North Stokes High,32,38.1,1065,540,525
Stokes County Schools,South Stokes High,51,44.7,1059,526,532
Stokes County Schools,Stokes Early College,<10,*,*,*,*
Stokes County Schools,West Stokes High,71,39,1096,552,545
Stokes County Schools,District Average,161,38.2,1080,543,537
Surry County Schools,East Surry High,21,14.3,1128,541,587
Surry County Schools,North Surry High,49,25.3,1020,522,497
Surry County Schools,Surry Central High,35,17.3,1125,569,557
Surry County Schools,Surry Early College,35,25.9,1107,564,543
Surry County Schools,District Average,140,20.6,1084,547,537
Swain County Schools,Swain County High School,29,27.1,1128,574,553
Swain County Schools,District Average,29,25.2,1128,574,553
Thomasville City Schools,Thomasville High,85,63.4,910,452,458
Thomasville City Schools,District Average,85,63.4,910,452,458
Transylvania County Schools,Brevard High,76,41.8,1114,566,548
Transylvania County Schools,Rosman High,29,41.4,1095,559,536
Transylvania County Schools,District Average,105,40.2,1109,564,545
Tyrrell County Schools,Columbia High,10,19.2,947,468,479
Tyrrell County Schools,District Average,10,19.2,947,468,479
Union County Public Schools,Central Academy Of Technology,157,86.3,1178,588,590
Union County Public Schools,Cuthbertson High,277,80.3,1180,587,593
Union County Public Schools,Forest Hills High,72,37.5,969,491,478
Union County Public Schools,Marvin Ridge High,377,90.2,1227,605,622
Union County Public Schools,Monroe High,58,22.7,957,485,472
Union County Public Schools,Parkwood High,128,45.9,1087,547,540
Union County Public Schools,Piedmont High,187,53.7,1114,554,559
Union County Public Schools,Porter Ridge High School,221,54.6,1098,553,546
Union County Public Schools,South Providence,<10,*,*,*,*
Union County Public Schools,Sun Valley High,211,54.7,1079,542,537
Union County Public Schools,Union County Early College,44,48.4,1144,569,575
Union County Public Schools,Weddington High,236,86.1,1208,593,615
Union County Public Schools,District Average,1969,60.7,1145,570,575
Vance County Schools,Northern Vance High,87,53.7,936,479,457
Vance County Schools,Southern Vance High,113,69.3,926,468,458
Vance County Schools,Vance Co Early College,37,68.5,1068,549,519
Vance County Schools,District Average,237,56,952,485,467
Wake County Schools,Apex Friendship High,294,82.4,1161,581,580
Wake County Schools,Apex High,335,72.5,1225,607,618
Wake County Schools,Athens Drive High,249,65,1146,575,571
Wake County Schools,Cary High,329,57,1137,572,566
Wake County Schools,Crossroads Flex,15,57.7,1124,568,556
Wake County Schools,East Wake High,133,46.7,1003,509,494
Wake County Schools,Enloe High,392,71.4,1257,631,627
Wake County Schools,Fuquay-Varina High,213,43,1135,569,566
Wake County Schools,Garner High,312,50.2,1062,538,524
Wake County Schools,Green Hope High,581,80.2,1237,608,629
Wake County Schools,Heritage High,297,68,1129,572,557
Wake County Schools,Holly Springs High,295,64.3,1149,582,567
Wake County Schools,Knightdale High,172,46.2,961,489,471
Wake County Schools,Leesville Road High,385,71.2,1169,585,584
Wake County Schools,Longview,<10,*,*,*,*
Wake County Schools,Middle Creek High,330,63.8,1138,569,569
Wake County Schools,Millbrook High,369,67.8,1130,569,560
Wake County Schools,Needham Broughton High,265,60,1167,592,575
Wake County Schools,Panther Creek High,470,78.5,1247,619,628
Wake County Schools,Phillips High,<10,*,*,*,*
Wake County Schools,Rolesville High,205,50.2,1052,536,516
Wake County Schools,Sanderson High,244,56.9,1134,567,566
Wake County Schools,Southeast Raleigh High,153,53.1,979,495,484
Wake County Schools,Vernon Malone College And Care,14,25.9,1006,521,484
Wake County Schools,Wake Early College Of Health A,55,62.5,1167,595,572
Wake County Schools,Wake Forest High,268,60.4,1104,558,546
Wake County Schools,Wake STEM Early College,40,53.3,1240,616,624
Wake County Schools,Wake Young Men's Leadership Ac,21,67.7,1152,584,568
Wake County Schools,Wake Young Women's Leadership,33,100,1086,560,526
Wake County Schools,Wakefield High,323,75.5,1117,563,554
Wake County Schools,District Average,6799,63.5,1150,577,573
Warren County Schools,Warren County High,45,49.5,938,479,459
Warren County Schools,Warren Early College High,14,63.6,1131,573,558
Warren County Schools,Warren New Tech High,27,87.1,934,480,454
Warren County Schools,District Average,86,59.7,968,495,474
Washington County Schools,Creswell High,21,70,875,451,424
Washington County Schools,Plymouth High,60,90.9,869,433,437
Washington County Schools,District Average,81,84.4,871,438,434
Watauga County Schools,Watauga High,158,68.1,1161,593,568
Watauga County Schools,Watauga Innovation Academy,<10,*,*,*,*
Watauga County Schools,District Average,165,53.7,1159,592,566
Wayne County Public Schools,Charles B Aycock High,85,32.8,1101,554,547
Wayne County Public Schools,Eastern Wayne High,83,40.3,1007,512,496
Wayne County Public Schools,Goldsboro High,34,29.6,880,448,432
Wayne County Public Schools,Rosewood High,23,19,1085,534,550
Wayne County Public Schools,Southern Wayne High,55,24.3,940,482,458
Wayne County Public Schools,Spring Creek High,18,14.3,1059,534,524
Wayne County Public Schools,Wayne Early / Middle College H,21,33.3,1169,588,581
Wayne County Public Schools,Wayne Middle / High Academy,<10,*,*,*,*
Wayne County Public Schools,Wayne School Of Engineering,22,34.9,1093,547,545
Wayne County Public Schools,District Average,342,28.5,1032,521,510
Weldon City Schools,Roanoke Valley Early College,35,87.5,994,504,490
Weldon City Schools,Weldon Stem High School Career,18,60,839,432,407
Weldon City Schools,District Average,53,75.7,941,480,462
Whiteville City Schools,Whiteville High,51,32.9,1007,513,494
Whiteville City Schools,District Average,51,32.3,1007,513,494
Wilkes County Schools,East Wilkes High,47,39.8,1064,540,524
Wilkes County Schools,North Wilkes High,19,11.6,1102,566,536
Wilkes County Schools,West Wilkes High,35,22.9,1114,568,546
Wilkes County Schools,Wilkes Central High,18,9.2,1139,562,577
Wilkes County Schools,Wilkes Early College High,10,12.7,1102,554,548
Wilkes County Schools,District Average,129,18.2,1097,556,541
Wilson County Schools,Beddingfield High,64,37.6,998,507,492
Wilson County Schools,Fike High,157,57.9,1048,529,519
Wilson County Schools,James Hunt High,158,53.9,1036,524,512
Wilson County Schools,Wilson Early College Academy,38,42.2,1072,554,517
Wilson County Schools,District Average,417,50.4,1038,526,512
Winston Salem/Forsyth County Schools,Atkins Academic & Tech High,124,69.3,1156,580,576
Winston Salem/Forsyth County Schools,Career Center,<10,*,*,*,*
Winston Salem/Forsyth County Schools,Carver High,41,31.3,884,445,439
Winston Salem/Forsyth County Schools,Early College Of Forsyth Co,27,50.9,1215,617,598
Winston Salem/Forsyth County Schools,East Forsyth High,216,53.1,1045,528,517
Winston Salem/Forsyth County Schools,J F Kennedy High,<10,*,*,*,*
Winston Salem/Forsyth County Schools,Middle College Of Forsyth Cnty,24,37.5,1053,546,506
Winston Salem/Forsyth County Schools,Mount Tabor High School,230,63,1111,561,550
Winston Salem/Forsyth County Schools,North Forsyth High,97,39.3,957,493,464
Winston Salem/Forsyth County Schools,Parkland High,114,34.9,982,498,484
Winston Salem/Forsyth County Schools,R J Reynolds High,260,59.6,1113,569,544
Winston Salem/Forsyth County Schools,Robert B Glenn High School,126,36,1034,527,507
Winston Salem/Forsyth County Schools,Ronald W Reagan High School,309,69.4,1154,582,572
Winston Salem/Forsyth County Schools,Walkertown High,43,24,1059,540,519
Winston Salem/Forsyth County Schools,West Forsyth High,350,64.2,1136,571,565
Winston Salem/Forsyth County Schools,Winston-Salem Preparatory Acad,26,65,920,467,453
Winston Salem/Forsyth County Schools,District Average,1997,51.4,1090,552,538
Yadkin County Schools,Forbush High,64,31.7,1083,548,535
Yadkin County Schools,Starmount High,39,29.8,1022,510,512
Yadkin County Schools,Yadkin Early College,<10,*,*,*,*
Yadkin County Schools,District Average,105,25.5,1061,534,527
Yancey County Schools,Mountain Heritage High,50,27.8,1083,545,538
Yancey County Schools,District Average,50,27.8,1083,545,538
Charter,Bear Grass Charter School,<10,*,*,*,*
Charter,Carolina International School,24,52.2,995,500,495
Charter,Carter G Woodson School,<10,*,*,*,*
Charter,Charlotte Learning Academy,11,35.5,850,439,411
Charter,Charlotte Secondary School,<10,*,*,*,*
Charter,Chatham Charter,33,71.7,1086,552,534
Charter,Clover Garden,22,62.9,1096,560,536
Charter,Commonwealth High School,<10,*,*,*,*
Charter,Community School Of Davidson,108,88.5,1181,599,582
Charter,East Wake Academy,27,35.5,1176,602,574
Charter,Flemington Academy,<10,*,*,*,*
Charter,Franklin Academy,98,84.5,1173,595,578
Charter,Gaston College Preparatory,<10,*,*,*,*
Charter,Gray Stone Day School,105,99.1,1172,596,576
Charter,Haliwa-Saponi Tribal School,<10,*,*,*,*
Charter,Invest Collegiate - Imagine,<10,*,*,*,*
Charter,Lake Lure Classical Academy,<10,*,*,*,*
Charter,Lake Norman Charter,158,85.4,1248,624,624
Charter,Lincoln Charter School,127,85.8,1120,568,552
Charter,Longleaf School Of The Arts,44,81.5,1151,599,552
Charter,Millennium Charter Academy,11,45.8,1195,622,573
Charter,Mountain Island Charter,60,57.1,1083,540,543
Charter,NC Connections Academy,<10,*,*,*,*
Charter,NC Virtual Academy,12,34.3,1121,573,548
Charter,Neuse Charter School,21,50,1140,586,554
Charter,North East Carolina Preparatory School,29,61.7,1009,519,490
Charter,Northeast Regional School - Biotech/Agri,10,14.3,1086,560,526
Charter,Oxford Preparatory High School,32,68.1,1053,553,501
Charter,Paul R Brown Leadership Academy,12,85.7,881,456,425
Charter,Piedmont Classical High School,40,93,1068,537,532
Charter,Piedmont Community Charter,19,24.1,1049,536,513
Charter,Pine Lake Preparatory,119,79.9,1153,579,573
Charter,Pinnacle Classical Academy,<10,*,*,*,*
Charter,Quality Education Academy,34,100,873,444,429
Charter,Queens Grant Community School,42,44.7,1090,555,535
Charter,Raleigh Charter High School,121,89,1356,671,685
Charter,Research Triangle High School,62,68.1,1216,614,602
Charter,River Mill Academy,14,45.2,1028,524,504
Charter,Rocky Mount Preparatory,26,34.7,907,456,451
Charter,Roxboro Community School,42,45.7,1120,571,549
Charter,Southern Wake Academy,17,35.4,1106,577,529
Charter,Stewart Creek High School,<10,*,*,*,*
Charter,The Franklin School Of Innovat,12,46.2,1125,580,545
Charter,The Hawbridge School,19,54.3,1131,588,543
Charter,The North Carolina Leadership Academy,16,80,1135,573,562
Charter,Thomas Jefferson Classical Academy,74,90.2,1165,586,579
Charter,Triad Math And Science Academy,52,78.8,1073,534,539
Charter,Union Academy Charter School,99,83.9,1092,552,540
Charter,Uwharrie Charter Academy,34,28.6,1072,552,520
Charter,Voyager Academy,53,57.6,1050,529,521
Charter,Washington Montessori,<10,*,*,*,*
Charter,Williams Academy (fka Crossnore),<10,*,*,*,*
Charter,Woods Charter School,29,63,1266,626,640
